cost,minutes
3384.6,1188993.3599999982
3396.0900000000006,1207577.4199999983
3438.03,1213505.389999999
3465.57,1217124.129999999
3369.61,1188397.8999999987
3454.0400000000004,1216016.8799999987
3515.04,1220229.429999999
3388.07,1194882.2199999979
3440.040000000001,1213618.839999999
3424.560000000001,1212560.8499999987
3558.0299999999997,1223271.929999999
3391.0800000000004,1202734.7499999986
3408.09,1209342.1299999987
3451.560000000001,1215685.4599999988
3544.0299999999997,1222627.4699999993
3462.0400000000004,1216743.449999999
3461.0500000000006,1216098.9899999993
3492.05,1220115.9799999988
3415.11,1211822.279999999
3481.0400000000004,1219141.4899999993
3386.5700000000006,1191161.0399999977
3529.9900000000007,1222399.9799999995
3477.05,1217717.939999999
3519.05,1220873.8899999985
3515.5600000000004,1220280.0799999984
3439.0500000000006,1213587.4999999995
3565.47,1225633.2199999993
3399.1000000000004,1208697.6699999995
3402.1099999999997,1209016.0899999982
3437.0600000000004,1213333.1699999988
3442.57,1213999.5199999984
3559.4900000000002,1223838.6499999997
3526.5,1221440.6099999992
3479.5700000000006,1217768.5899999982
3588.48,1227859.0399999996
3582.4999999999995,1225885.9599999993
3444.06,1215057.5099999984
3407.1,1209056.459999999
3542.0800000000004,1197655.9799999965
3381.2099999999996,1185860.2299999965
3421.2000000000007,1191237.939999997
3354.1899999999996,1183058.6099999973
3382.2200000000003,1188071.7899999968
3445.6700000000005,1194003.6799999967
3357.21,1184085.379999997
3324.71,1180951.639999997
3544.0800000000004,1197970.2699999965
3402.68,1189566.489999997
3556.0700000000006,1198927.0199999965
3331.7300000000005,1181978.409999997
3390.2200000000003,1189342.8299999968
3424.210000000001,1192508.979999997
3409.690000000001,1190837.5299999968
3551.0800000000004,1198427.5499999968
3352.6900000000005,1182222.6799999971
3505.130000000001,1197452.9499999967
3492.140000000001,1196235.1499999969
3486.13,1196181.9099999967
3442.1400000000003,1193015.7599999967
3467.1500000000005,1195018.3199999966
3546.1100000000006,1198409.699999997
3373.71,1185144.5599999973
3566.07,1199384.2999999966
3466.1300000000006,1194286.7999999968
3435.1300000000006,1166081.0800000005
3577.9900000000007,1203797.2500000005
3444.5500000000006,1189327.9000000001
3586.9500000000003,1213414.8799999985
3586.43,1205371.61
3545.5200000000004,1201571.7699999986
3438.53,1179675.6499999994
3555.9500000000003,1203627.6299999987
3485.0,1197769.339999999
3477.4999999999995,1195308.2199999995
3462.4900000000007,1193888.269999998
3521.5299999999997,1112232.2399999993
3584.99,1161664.8699999976
3761.5099999999998,1209047.2999999966
3567.9300000000003,1153071.239999999
3586.9900000000002,1165772.359999997
3748.9300000000007,1198131.6599999978
3596.4900000000002,1181623.8299999984
3591.0400000000004,1180309.499999997
3684.5,1193770.1499999985
3607.9900000000002,1189640.2299999986
3650.4600000000005,1190851.8799999966
3715.540000000001,1197486.1899999974
3588.4800000000005,1174893.1699999974
3449.42,1203576.7399999967
3337.5,1181737.2599999967
3297.0199999999995,1175229.3699999985
3286.0299999999997,1171821.5699999966
3423.5,1202213.0199999977
3343.54,1192798.5899999985
3358.5000000000005,1201390.9799999974
3489.41,1205022.1999999976
3352.4900000000007,1196591.4599999972
3334.4900000000002,1179197.7299999974
3333.9700000000007,1179157.2999999975
3538.830000000001,1206028.6999999979
3343.500000000001,1190267.5899999975
3269.52,1165197.1599999974
3287.07,1174873.4499999974
3273.0299999999997,1170048.7299999967
3450.9700000000003,1204963.4499999976
3364.0299999999997,1206752.1099999996
3325.5699999999997,1194542.1599999988
3374.5400000000004,1208444.4699999997
3428.0,1215662.3799999997
3428.51,1216974.8900000001
3444.0,1218929.6300000001
3520.4399999999996,1227379.43
3363.53,1203085.77
3288.080000000001,1186847.4899999988
3500.4400000000005,1225659.5200000003
3392.51,1209739.7399999998
3347.4999999999995,1200241.359999999
3381.0099999999998,1209278.24
3490.4400000000005,1225071.81
3450.9799999999996,1219936.85
3303.0699999999997,1189769.5699999984
3482.96,1224089.0200000003
3449.9599999999996,1219349.1400000004
3399.5,1211475.6700000002
3428.98,1218188.51
3421.0299999999997,1215624.8699999996
3330.53,1194882.9399999988
3457.45,1221303.8800000001
3346.08,1197258.3699999987
3331.5799999999995,1196672.5399999986
3410.9700000000003,1213549.0199999998
3469.9400000000005,1222301.46
3463.46,1221891.59
3290.1000000000004,1187290.0599999987
3420.4799999999996,1214709.6499999997
3470.9500000000003,1223462.0899999999
3305.09,1193060.5799999984
3352.61,1136443.7299999967
3384.63,1162359.3999999966
3366.2,1161513.1299999964
3478.57,1201546.5699999975
3433.11,1191491.5599999963
3406.6,1190086.9399999965
3473.5,1198972.999999997
3565.9799999999996,1208253.2599999967
3488.02,1203527.279999997
3577.5000000000005,1211587.5799999966
3488.51,1206240.9299999976
3666.4300000000007,1214831.0799999966
3447.09,1194668.2799999977
3400.1099999999997,1174504.1399999962
3458.55,1196224.6499999978
3575.48,1209702.4099999964
3589.41,1211977.7399999972
3464.5400000000004,1197024.0199999972
3516.5,1207808.4399999974
3532.61,1219327.7399999977
3470.6400000000003,1213594.5299999975
3566.58,1222432.489999998
3497.6600000000003,1216733.6799999971
3369.27,1191232.8199999966
3441.1899999999996,1206025.9299999976
3574.59,1222787.2199999976
3565.59,1221534.8699999976
3311.2300000000005,1166587.0099999981
3540.5900000000006,1220096.449999998
3377.7199999999993,1197828.9999999963
3456.6500000000005,1208017.949999997
3645.5500000000006,1226391.6299999966
3389.27,1199487.0699999966
3370.7199999999993,1196625.2899999963
3471.67,1214397.6399999978
3400.2300000000005,1199599.5599999966
3616.5200000000004,1225304.859999997
3345.7600000000007,1187549.9999999965
3535.12,1219838.4299999978
3363.7400000000002,1188655.409999997
3425.6900000000005,1204914.4499999967
3546.0900000000006,1221421.109999998
3446.1900000000005,1206923.5499999975
3456.1800000000003,1207221.539999997
3524.13,1218466.049999998
3457.64,1211754.5099999974
3419.7,1203124.7799999968
3666.5100000000007,1227974.309999997
3315.7700000000004,1182175.2099999967
3498.6400000000003,1218316.359999998
3387.7400000000002,1198212.0899999964
3613.54,1224369.899999998
3581.5699999999997,1223722.1799999971
3611.5200000000004,1224015.1699999978
3402.24,1200136.0899999966
3439.2200000000003,1205297.379999997
3623.53,1225659.5899999973
3405.2099999999996,1202148.6299999969
3408.07,1138308.3199999984
3448.53,1206999.3799999962
3499.000000000001,1213369.8599999973
3538.5000000000005,1217380.3499999968
3506.040000000001,1214079.2499999967
3481.0099999999998,1207660.7799999982
3547.05,1218817.4899999972
3482.5400000000004,1208559.559999996
3486.0200000000004,1210031.9599999962
3509.51,1215758.5099999972
3488.5600000000004,1212320.2299999963
3539.0400000000004,1217412.0299999972
3571.480000000001,1223186.1299999966
3544.5,1217808.8799999969
3556.0099999999998,1220269.0199999965
3426.520000000001,1199085.5299999982
3484.5200000000004,1208653.7699999963
3498.650000000001,1213584.0599999982
3450.1900000000005,1205696.8199999982
3450.71,1208762.7299999993
3334.7299999999996,1185177.569999997
3542.6000000000004,1218522.999999999
3399.72,1198988.799999998
3315.2699999999995,1181781.229999998
3440.1900000000005,1204574.1599999974
3402.7000000000003,1200822.1799999978
3644.52,1225829.559999998
3616.55,1223738.3099999987
3495.6400000000003,1213193.0999999982
3550.6400000000003,1219448.1499999992
3464.67,1210944.299999998
3519.6800000000003,1216957.8499999985
3372.6699999999996,1191032.3899999969
3331.25,1182144.1599999978
3349.7,1189132.869999997
3480.19,1211718.459999999
3505.63,1215821.9099999988
3379.74,1194967.359999997
3423.7400000000002,1203156.5099999984
3359.7,1189199.009999997
3554.5800000000004,1219553.6599999983
3558.5900000000006,1220614.2499999988
3586.55,1221865.1799999985
3373.2000000000003,1191447.8099999968
3631.5,1224167.2199999983
3564.580000000001,1220646.2599999986
3529.6,1217913.1599999992
3503.1600000000003,1213809.7099999995
3415.7400000000002,1202765.5499999982
3511.6600000000008,1216747.059999999
3594.56,1223347.3499999985
3580.55,1221771.3699999992
3243.7300000000005,1221237.2799999993
3255.1600000000003,1238711.7399999993
3300.6499999999996,1249528.8999999994
3305.64,1251048.6699999997
3258.6800000000007,1244719.0899999999
3295.62,1249527.269999999
3377.61,1254967.869999999
3248.21,1227460.2599999995
3323.1800000000003,1254320.229999999
3315.65,1253802.8999999992
3320.17,1254180.8199999991
3347.1500000000005,1254406.279999999
3347.1600000000003,1254476.3499999992
3392.61,1255037.9399999992
3279.6499999999996,1245773.67
3281.19,1247574.64
3286.1200000000003,1249441.219999999
3351.66,1254896.049999999
3304.1600000000003,1249670.7899999996
3220.9,1254709.849999996
3276.8000000000006,1280297.7199999976
3262.8,1278545.5399999977
3267.3700000000003,1278725.6599999978
3268.31,1278956.619999998
3226.3599999999997,1275903.5399999982
3189.3100000000004,1236545.5099999986
3288.8000000000006,1283057.2799999972
3253.32,1278161.9699999972
3395.3000000000006,1305674.4699999955
3210.39,1246694.6899999972
3172.8500000000004,1227656.0399999986
3314.8199999999997,1296707.1499999966
3351.2899999999995,1296914.8899999969
3312.2700000000004,1293041.979999996
3279.83,1282233.4599999972
3304.31,1291635.1899999976
3295.810000000001,1284088.7599999965
3153.2999999999997,1226741.4299999988
3221.33,1261038.919999997
3300.8400000000006,1288366.5299999965
2877.1700000000005,1277466.3599999973
3027.57,1325513.2999999989
2976.5700000000006,1319021.5399999977
2941.0800000000004,1314012.6299999969
2972.5400000000004,1318096.889999998
2971.54,1318055.2999999973
2904.1500000000005,1301636.6199999966
2987.520000000001,1322900.1999999986
2924.590000000001,1312765.5599999966
3007.51,1325382.2199999995
2918.6500000000005,1303257.2399999963
3090.9600000000005,1327427.7999999993
2952.540000000001,1317459.039999998
2887.6100000000006,1299026.6599999974
3230.7800000000007,1193982.2299999965
3223.7400000000002,1190419.079999996
3249.2299999999996,1205593.9599999967
3240.29,1200508.2699999968
3256.27,1230402.1999999967
3239.2800000000007,1194501.9399999978
3327.26,1249413.4999999967
3246.2700000000004,1201528.6299999962
3397.7000000000007,1260749.199999997
3323.2,1245986.9599999988
3291.79,1238860.4799999995
3396.7200000000003,1250160.2199999965
3274.7800000000007,1237992.269999997
3193.24,1266799.4000000001
3363.1100000000006,1292646.0599999994
3209.7,1276506.0300000007
3323.6100000000006,1291509.4099999997
3358.1400000000003,1292062.6900000006
3271.18,1291434.4499999995
3229.7100000000005,1279667.749999999
3232.7000000000007,1285544.2000000011
3224.7099999999996,1278023.030000001
3227.72,1278085.7200000007
3264.7099999999996,1289165.0200000005
3203.210000000001,1269361.8999999992
3260.73,1287985.4300000002
3343.1199999999994,1291935.9400000009
3840.88,1116003.5300000003
3709.93,1107302.1200000017
3730.4399999999996,1108737.5700000012
3845.4,1116871.68
3832.9599999999996,1114984.4800000004
3758.9,1110333.650000001
3870.8500000000004,1120125.9599999997
3816.4100000000008,1111581.980000001
3702.4599999999996,1100096.3700000024
3842.3899999999994,1116137.6500000004
3670.0399999999995,1095346.4900000016
3738.03,1111532.9400000002
3820.9100000000003,1131107.78
3851.92,1136069.18
3683.0600000000004,1101874.800000002
3661.05,1094587.4400000018
3610.13,1070462.7199999993
3813.37,1116618.9799999993
3823.9400000000005,1132494.4099999997
3817.3900000000003,1129896.8900000004
3721.0600000000004,1107552.960000001
3745.54,1115320.019999999
3849.4100000000003,1134524.44
3691.560000000001,1102937.310000002
3624.07,1088252.0900000017
3827.4200000000005,1133549.4199999988
3737.27,1123120.0599999998
3995.7,1146180.6599999976
3972.270000000001,1143204.0599999975
3815.3100000000004,1133354.3899999987
4036.17,1156279.979999998
3761.75,1123555.5699999996
3675.3500000000004,1111634.190000001
3700.8300000000004,1120089.4999999995
3686.42,1118270.6400000022
3955.1700000000005,1141255.019999998
3763.2700000000004,1123715.8899999994
3778.7800000000007,1128973.8900000001
3689.43,1119499.8300000017
3999.73,1148910.6399999978
3954.67,1141091.9099999978
3899.21,1137356.279999998
4007.19,1155271.4699999983
3806.3,1130954.1499999994
3944.6900000000005,1140176.369999997
3667.52,1117599.5200000003
3657.55,1111046.1599999997
3621.9700000000003,1110726.5499999996
3795.46,1147275.7899999968
3659.54,1112118.5199999993
3685.95,1129283.3799999987
3821.41,1149007.779999997
3706.94,1135400.4199999988
3831.43,1150900.4499999962
3706.9100000000003,1133507.749999999
3765.0899999999997,1136446.6299999955
3948.3700000000003,1156399.4099999962
3831.9599999999996,1156232.6899999955
3592.0,1109603.3699999999
3653.47,1077862.840000001
3682.98,1117928.9099999962
3604.0300000000007,1059060.4900000007
3583.5099999999998,1058918.7100000004
3841.38,1158536.5399999989
3619.4400000000005,1075976.4700000004
3710.5,1133273.0999999975
3712.01,1134262.2199999974
3698.49,1130701.1699999971
3818.9500000000007,1157559.369999999
3742.0,1146056.5299999986
3811.4000000000005,1156047.729999999
3764.4600000000005,1154947.169999999
3662.4700000000007,1081054.8000000005
3617.460000000001,1068810.180000001
3607.4700000000007,1068654.1200000008
3759.4799999999996,1152463.239999999
3869.350000000001,1159558.0099999988
3666.4500000000003,1086930.9300000009
3672.9800000000005,1111521.4299999976
3625.94,1077581.6200000013
3800.43,1155042.3599999987
3667.4800000000005,1150110.4199999978
3670.4700000000007,1154373.249999997
3572.5699999999997,1126044.5999999982
3668.05,1151555.6799999976
3702.52,1157309.0699999966
3556.6500000000005,1126040.0099999986
3727.5,1162187.519999996
3844.9400000000005,1172384.5799999952
3925.54,1181404.859999996
3581.060000000001,1133954.3999999964
3574.630000000001,1127042.7899999984
3646.5400000000004,1149509.7399999965
3600.1199999999994,1145174.8699999969
3832.0000000000005,1171049.769999996
3730.9600000000005,1163819.359999996
3855.44,1175077.2099999958
3832.0,1167528.709999997
3591.5200000000004,1137417.309999996
3912.5499999999997,1179125.6599999962
3904.0400000000004,1178312.599999996
3893.3700000000003,1177600.5499999963
3617.5699999999997,1148995.8999999966
3636.9100000000003,1084882.0400000003
3654.43,1090262.9700000002
3877.2999999999997,1158827.539999996
3590.9300000000003,1068660.4599999993
3715.49,1116097.1999999962
3571.91,1066894.0299999996
3684.4000000000005,1107054.3499999999
3711.4800000000005,1114466.1399999969
3737.43,1135556.8999999966
3755.42,1138883.0099999967
3560.47,1057439.169999999
3594.94,1073215.7499999995
3644.93,1088985.8600000003
3797.8800000000006,1154528.739999997
3705.39,1109993.4699999986
3725.94,1131904.3599999964
3714.4600000000005,1115057.4099999957
3633.41,1083115.6100000006
3766.41,1140649.4399999967
3753.4300000000003,1137258.3299999968
3666.8700000000003,1101081.1399999997
3563.4600000000005,1064249.3199999991
3620.890000000001,1082442.7200000004
3752.42,1136280.7999999966
3775.4100000000008,1154420.2799999968
3660.9100000000003,1092589.94
3599.92,1077317.5
3579.9300000000003,1066975.969999999
3597.9900000000007,1069834.5699999991
3599.3899999999994,1083909.8199999987
3631.8599999999997,1084122.859999999
3747.47,1126684.1999999965
3667.9799999999996,1109256.0899999973
3834.4600000000005,1149356.07
3658.8499999999995,1089037.7099999993
3722.5,1114767.689999996
3877.9100000000008,1151301.94
3742.51,1124120.3999999966
3770.94,1128132.1599999997
3719.01,1112740.689999996
3799.5100000000007,1144231.3900000006
3782.4900000000002,1135366.8700000003
3633.87,1088040.339999996
3702.5299999999997,1111185.8999999955
3739.4800000000005,1119982.6299999964
3764.4900000000002,1139971.2599999988
3731.4900000000007,1135869.2399999988
3599.470000000001,1098501.4200000009
3674.55,1129576.2199999983
3807.8700000000003,1151288.4499999986
3987.93,1177310.9299999995
3612.9700000000003,1102929.3900000006
3953.46,1174802.7399999993
3599.4700000000003,1068877.3000000017
3685.5200000000004,1133588.339999999
3810.8700000000003,1165449.4699999986
3628.4900000000002,1109009.970000001
3662.960000000001,1114655.780000001
3767.9000000000005,1150734.0799999987
3747.4300000000003,1139599.1999999979
3863.8300000000004,1165658.069999999
3946.9500000000003,1172354.2899999993
4011.91,1177393.509999999
3909.96,1171501.0799999991
3594.11,1100365.8699999999
3666.4400000000005,1147462.379999997
3671.94,1152965.5099999988
3632.45,1137321.4099999974
3659.4100000000003,1140597.4199999974
3667.42,1147625.3899999973
3599.4800000000005,1117195.8699999985
3776.4800000000005,1184149.789999996
3578.1200000000003,1095685.4300000004
3606.47,1136820.2499999972
3557.13,1093081.6600000001
3634.45,1140336.7899999975
3720.56,1178621.4499999965
3589.6099999999997,1099518.5700000003
3786.9700000000003,1185959.4599999958
3736.5299999999997,1182938.289999996
3711.8999999999996,1159308.6099999982
3662.460000000001,1143103.9799999977
3803.48,1187240.2899999963
3458.0399999999995,1109420.769999997
3737.8899999999994,1195284.5499999966
3570.8700000000003,1155003.829999997
3445.03,1107711.5399999972
3505.06,1145756.0999999982
3464.99,1110824.819999997
3572.36,1159098.189999997
3466.0400000000004,1125004.7699999984
3639.3900000000003,1184144.5999999961
3766.88,1202630.0699999963
3602.85,1181706.529999996
3575.85,1178856.8499999961
3755.89,1198363.5999999966
3800.37,1217123.079999997
3466.09,1139394.339999998
3667.890000000001,1188763.389999996
3545.0000000000005,1152114.0099999977
3515.5100000000007,1147105.8799999983
3595.86,1179798.359999996
3738.8900000000003,1195879.9199999967
3783.34,1215443.6499999973
3520.49,1150342.629999998
3652.4100000000003,1187793.3899999964
3542.03,1152001.2299999977
3673.9700000000003,1193307.7399999944
3472.57,1145533.339999998
3761.8800000000006,1199472.2199999965
3741.3999999999996,1198288.909999994
3486.1400000000003,1169427.6799999971
3468.1799999999994,1165137.8099999975
3405.1500000000005,1120121.1699999976
3490.08,1180143.2599999958
3777.8799999999997,1216509.1199999966
3438.16,1157373.9699999948
3477.6400000000003,1168585.009999997
3549.0399999999995,1189524.3299999968
3599.48,1201397.6799999967
3406.6899999999996,1128736.2699999958
3763.9200000000005,1216287.1899999967
3435.15,1155510.2899999951
3524.57,1182740.2199999958
3740.9,1211619.1499999966
3619.95,1204785.419999997
3410.1099999999997,1155508.8899999952
3724.4500000000003,1208878.0999999966
3554.6,1197042.609999997
3796.9000000000005,1217079.8799999966
3447.67,1161566.1899999965
3604.9500000000003,1202289.299999996
3546.5600000000004,1187408.2599999954
3584.49,1200662.0099999965
3703.45,1207828.089999996
3397.7,1182911.1899999965
3562.6,1197814.889999998
3599.520000000001,1200196.079999998
3357.7200000000003,1174080.4099999974
3363.71,1179633.779999997
3623.0,1201850.8699999978
3498.2,1193755.2399999981
3402.67,1188315.9799999965
3354.330000000001,1149671.3099999977
3381.71,1182296.3299999963
3345.2900000000004,1135644.85
3521.17,1194744.2699999975
3446.6400000000003,1188553.3699999966
3637.0400000000004,1206647.2399999974
3350.2800000000007,1139243.4399999985
3471.63,1191053.0399999965
3354.33,1149115.3999999978
3627.5299999999997,1204129.3099999982
3510.13,1194011.209999997
3576.06,1199460.2899999984
3615.91,1118905.5599999996
3701.4300000000003,1158830.949999998
3719.95,1164449.3999999976
3887.8500000000004,1182436.8799999978
3790.3500000000004,1176257.729999998
3618.41,1136358.8399999982
3701.9600000000005,1163584.3799999976
3848.3199999999997,1179668.889999998
3657.4100000000003,1146015.4899999993
3725.4500000000007,1172591.2299999977
3681.95,1150859.3799999997
3916.3300000000004,1185548.209999998
3695.42,1156252.7399999981
3721.4500000000003,1167783.0999999982
3778.36,1175739.629999998
3664.8500000000004,1147371.7099999993
3750.4300000000003,1173436.4499999976
3619.42,1140178.4999999984
3637.3700000000003,1145090.0799999991
3678.88,1147451.8999999994
3685.43,1153759.38
3830.84,1179512.869999998
3794.3500000000004,1177972.589999999
3924.92,1196195.9399999976
3424.09,1195388.689999997
3559.4199999999996,1218677.5999999966
3526.9900000000002,1213553.1799999974
3321.69,1154407.659999998
3551.91,1218624.4799999967
3479.53,1206625.9699999976
3543.9600000000005,1214972.1499999976
3428.58,1197631.6099999978
3626.8900000000003,1233469.7300000014
3437.0499999999997,1198062.299999998
3690.87,1238784.1099999992
3613.9300000000007,1229859.3900000018
3696.3300000000004,1240427.019999999
3498.9800000000005,1209255.319999998
3530.4500000000003,1213753.539999998
3591.4,1224876.7799999965
3474.4999999999995,1205271.3199999994
3446.5399999999995,1204894.3999999994
3339.1800000000003,1156625.6199999982
3335.6700000000005,1155237.779999998
3705.890000000001,1246033.7399999998
3328.1900000000005,1154717.8299999984
3562.8900000000003,1224845.6799999962
3350.6800000000003,1164617.659999997
3631.8600000000006,1237761.8000000005
3688.3200000000006,1238573.0399999993
3362.6099999999997,1194341.3899999966
3702.3300000000004,1240504.3199999991
3509.46,1212234.5999999975
3489.98,1207609.019999998
3288.13,1212840.1599999995
3310.59,1223547.4600000007
3296.1000000000004,1217567.6699999997
3468.4700000000003,1248558.230000001
3338.5800000000004,1234739.3700000003
3329.1,1234012.2000000004
3412.46,1245729.460000001
3363.0200000000004,1240102.59
3374.56,1243767.5100000002
3526.4400000000005,1251808.040000001
3402.48,1244104.6800000009
3343.54,1236429.75
3473.4900000000007,1249113.6600000006
3415.540000000001,1247325.1600000004
3407.99,1244555.78
3419.52,1247881.5100000002
3320.0699999999997,1233448.16
3317.09,1228783.63
3368.1,1240466.7799999998
3476.47,1250335.5500000005
3508.41,1250699.3199999994
3355.5699999999997,1236573.4900000002
3348.1000000000004,1237778.149999999
3349.05,1239228.8799999992
3296.6100000000006,1226270.6399999994
3324.5699999999997,1233528.6700000002
3348.06,1237757.26
3310.6,1229792.5100000002
3306.6,1229204.3700000003
3507.08,1261214.4600000004
3441.0699999999997,1256553.82
3460.55,1259171.3600000006
3449.0699999999997,1257657.5100000002
3354.5600000000004,1239447.5999999994
3377.6000000000004,1247096.22
3520.0799999999995,1263616.4299999997
3545.0700000000006,1265078.5300000003
3659.9400000000005,1271615.4699999993
3364.5899999999997,1244603.5499999998
3452.0799999999995,1258008.0000000002
3554.0699999999997,1266532.71
3509.09,1262668.6400000001
3535.58,1263648.02
3555.0699999999997,1267480.4999999995
3554.05,1265286.1800000002
3438.56,1255537.9000000001
3504.0500000000006,1261016.6600000004
3395.6,1251324.8099999998
3619.52,1269715.879999999
3479.05,1260068.8700000003
3645.5,1270444.7799999993
3411.57,1251673.8299999998
3582.54,1269177.8999999987
3500.51,1260933.5699999998
3536.5600000000004,1264181.0200000003
3563.58,1267512.0899999999
3349.57,1239320.9399999995
3447.57,1257568.5600000003
3508.0499999999997,1262470.8400000003
3416.5899999999997,1255188.8800000001
3548.58,1265102.2
3412.5600000000004,1252927.6099999996
3649.4800000000005,1271099.7899999993
3537.56,1264698.1699999997
3625.51,1270314.6499999992
3499.02,1260601.4399999995
3484.0500000000006,1260417.8900000004
3665.4700000000007,1272943.6199999992
3382.5899999999997,1248832.1399999997
3292.14,1221026.1299999969
3475.47,1260539.9899999965
3507.99,1264493.1999999965
3314.11,1237998.2499999963
3492.5,1261693.2399999967
3506.0,1264215.0199999965
3306.13,1234041.4599999967
3513.0000000000005,1266241.2599999974
3278.1699999999996,1220967.4399999972
3362.0699999999997,1243498.2899999956
3473.46,1258120.8999999962
3428.05,1255462.5899999961
3334.07,1240884.659999996
3548.95,1268335.8999999966
3484.02,1261636.689999997
3339.0600000000004,1242375.0699999959
3410.0600000000004,1251594.189999996
3538.46,1266714.5799999966
3409.0499999999997,1249253.119999996
3472.0699999999997,1258004.4199999964
3305.1499999999996,1232896.0299999965
3443.99,1257361.9999999956
3363.1099999999997,1248815.059999996
3415.0699999999997,1252200.2999999959
3493.0800000000004,1264108.3499999966
3254.1499999999996,1228103.010000001
3440.54,1262923.2700000012
3417.55,1260182.570000001
3312.5800000000004,1250214.7100000014
3483.5000000000005,1263952.8000000014
3267.5600000000004,1239593.0900000012
3319.57,1250518.8300000012
3254.6499999999996,1232614.110000001
3356.58,1255068.870000001
3349.0899999999992,1253386.120000001
3261.6,1237611.9800000014
3289.59,1244828.2500000014
3350.6000000000004,1254023.5200000014
3329.5999999999995,1252819.3700000013
3391.5899999999997,1258496.800000001
3351.0900000000006,1254590.2700000012
3395.0899999999997,1258901.7500000007
3434.5499999999997,1260814.400000001
3309.59,1249843.9800000004
3462.52,1263648.6800000016
3425.0499999999997,1260283.400000001
3431.05,1260509.5800000015
3361.11,1257113.860000001
3338.53,1253074.9100000013
3303.05,1249645.1700000006
3292.54,1246173.6300000013
3285.6,1240459.4000000015
3377.0899999999997,1257965.800000001
3214.1400000000003,1221518.4200000002
3224.15,1221988.28
3249.0499999999997,1226826.8900000001
3402.0699999999997,1259862.1100000008
3412.57,1260088.9900000007
3245.58,1223708.0100000002
3324.67,1238850.319999997
3328.2000000000003,1242790.7199999976
3274.149999999999,1226059.5399999951
3448.65,1262941.1
3307.71,1236282.7399999967
3289.1600000000003,1231701.249999996
3384.71,1253616.6099999985
3405.14,1257015.3199999996
3456.6600000000003,1264450.1600000004
3385.14,1256271.779999999
3278.2,1226754.6999999953
3209.71,1220949.3599999968
3408.1800000000003,1259554.9399999992
3353.66,1249693.339999998
3266.19,1221937.559999996
3436.6800000000003,1261775.0500000003
3403.7,1256829.2399999988
3478.6400000000003,1267934.5099999998
3288.2,1229594.149999998
3426.650000000001,1260401.5299999996
3327.6000000000004,1240302.0699999973
3450.6899999999996,1263228.37
3370.7200000000003,1251360.8699999978
3487.15,1268103.0599999998
3341.1800000000003,1243346.5599999975
3405.21,1259270.8799999992
3477.65,1267798.25
3380.2200000000003,1251694.179999998
3496.66,1268292.9799999995
3351.13,1243832.6699999974
3460.1800000000003,1267277.7600000002
3498.63,1269232.7999999993
3410.6299999999997,1260092.7499999995
3273.5599999999995,1181001.1999999974
3313.09,1218332.069999996
3277.0900000000006,1205850.3399999966
3694.7999999999993,1265347.709999998
3697.31,1266245.239999998
3448.0800000000004,1251673.2799999975
3436.0100000000007,1249032.089999998
3300.6499999999996,1211275.6299999962
3311.5899999999992,1213447.299999997
3331.09,1228001.6699999974
3375.6,1246224.1099999975
3308.099999999999,1211565.5799999963
3318.0999999999995,1225284.0299999972
3296.09,1209622.5699999959
3479.96,1255510.9599999983
3418.4700000000003,1248550.6599999976
3475.5200000000004,1254191.7299999988
3275.0899999999997,1195535.5399999958
3506.98,1257012.5599999973
3589.9300000000003,1263201.7399999986
3542.45,1261663.3399999973
3357.1200000000003,1237864.5099999984
3316.6399999999994,1222652.5199999968
3443.0399999999995,1251385.7699999972
3518.0199999999995,1258284.7299999981
3412.02,1246423.989999999
3362.0400000000004,1243183.2799999968
3625.9100000000008,1264263.929999998
3350.58,1231461.7499999981
3537.01,1259334.4499999974
3293.6199999999994,1211492.809999997
3368.0799999999995,1234168.019999998
3560.44,1258637.2999999986
3291.6099999999997,1205485.6299999969
3602.42,1261344.1999999995
3420.51,1246537.569999999
3292.12,1208210.6899999974
3420.08,1242229.6399999983
3360.07,1232905.149999998
3449.0400000000004,1247463.059999997
3553.4,1257577.7699999989
3572.4300000000003,1259808.069999998
3354.5600000000004,1229398.2099999979
3598.42,1260902.2899999996
3445.4900000000007,1246979.4799999988
3461.9400000000005,1248635.5299999996
3301.1400000000003,1221629.6699999974
3416.0400000000004,1241898.769999998
3506.45,1256738.1699999988
3478.9900000000002,1253741.1499999992
3368.09,1235271.739999997
3416.04,1241681.8499999978
3378.0700000000006,1241154.4899999986
3505.9799999999996,1255476.0699999982
3305.5699999999997,1222572.9799999972
3333.100000000001,1229345.4599999979
3395.5499999999997,1241473.759999998
3490.4600000000005,1254441.4199999988
3371.05,1238030.6199999978
3358.0600000000004,1232750.179999998
3580.8999999999996,1260899.3499999987
3375.0900000000006,1239624.9799999988
3462.0599999999995,1250397.969999997
3305.21,1255951.8599999952
3293.71,1254210.1499999962
3364.2000000000003,1264399.3599999954
3295.25,1254387.6799999953
3178.7799999999997,1222138.4799999942
3226.23,1238761.8599999964
3244.24,1246699.4199999948
3330.7000000000003,1261564.839999995
3214.73,1235520.089999996
3198.7200000000003,1225007.6799999948
3201.7200000000003,1232216.1499999966
3420.6800000000003,1269687.9899999965
3490.59,1271649.4799999963
3354.68,1262865.8599999947
3504.63,1273186.5399999958
3285.2199999999993,1253367.1499999953
3454.67,1271486.4599999965
3242.1799999999994,1243710.7699999958
3237.1900000000005,1240580.1999999972
3278.2000000000007,1251933.2999999947
3270.2500000000005,1250322.049999995
3429.66,1270172.9699999962
3364.170000000001,1264213.0399999956
3233.68,1240512.6999999962
3392.6899999999996,1267962.329999996
3400.17,1268880.6099999961
3310.2700000000004,1259122.7999999954
3248.7799999999997,1247716.4799999949
3449.6400000000003,1270794.9499999962
3380.66,1266681.829999996
3369.1499999999996,1266351.8199999966
3272.65,1249610.4500000018
3268.2099999999996,1248338.8200000015
3526.02,1278735.2800000003
3275.1700000000005,1254713.8500000015
3454.5499999999997,1275968.1600000006
3515.0200000000004,1278077.480000001
3383.6299999999997,1271160.1100000006
3327.6299999999997,1261859.5200000014
3445.0800000000004,1275390.3300000005
3435.6000000000004,1275192.2500000012
3237.22,1247596.1100000017
3219.6699999999996,1239319.9000000015
3405.09,1273253.9400000006
3353.1099999999997,1264088.9200000018
3276.1700000000005,1254943.4200000016
3434.6000000000004,1273734.040000001
3312.6499999999996,1261268.9900000019
3373.13,1266704.3500000008
3296.1799999999994,1258485.1800000016
3274.1800000000003,1253706.0000000016
3533.02,1279125.5700000008
3306.1399999999994,1259472.8000000021
3288.65,1256739.6100000013
3361.1299999999997,1264731.0000000007
3464.57,1276302.6400000001
3482.0499999999997,1277054.9600000002
3464.09,1275983.4800000002
3279.6800000000003,1256261.3400000017
3335.6400000000003,1262452.670000001
3499.0400000000004,1277070.6500000008
3347.19,1263416.6500000013
3223.6899999999996,1205807.2599999977
3225.17,1213876.0499999977
3268.66,1229810.9599999972
3301.61,1234690.2599999972
3302.68,1234871.4299999978
3320.1499999999996,1242168.4599999979
3312.63,1238744.7299999967
3361.629999999999,1249850.1699999978
3325.6399999999994,1243670.5899999975
3427.08,1255136.439999997
3204.2699999999995,1197393.6699999976
3287.68,1232016.9099999978
3305.62,1235792.5899999973
3342.140000000001,1246474.4099999974
3331.6400000000003,1244772.9199999974
3297.1500000000005,1233433.9099999976
3358.63,1247503.599999998
3288.1600000000003,1233095.0799999973
3216.72,1202369.819999998
3266.6699999999996,1227055.4399999976
3478.09,1255396.4399999972
3365.1600000000003,1251659.3599999975
3265.66,1223918.489999998
3351.13,1247491.819999997
3200.2,1196759.5199999975
3287.65,1230746.7599999974
3246.1999999999994,1216918.319999997
3400.1,1253905.8699999973
3261.66,1220923.0499999968
3218.6699999999996,1205452.1799999976
3323.67,1243328.1799999978
3499.09,1260092.3899999973
3423.12,1254914.0099999974
3096.6699999999996,1244269.3299999966
3109.5800000000004,1246963.789999996
3071.6900000000005,1242624.5299999965
3112.6,1254554.6799999971
3139.65,1267135.6999999967
3362.5499999999997,1303444.8899999945
3174.68,1282478.2799999944
3273.0999999999995,1297007.4999999956
3196.67,1286801.119999995
3349.5099999999998,1302656.199999994
3251.5900000000006,1290519.6799999953
3377.0,1306117.6599999953
3259.63,1294567.4999999949
3169.6499999999996,1279599.8699999957
3318.0699999999997,1300866.2999999947
3142.69,1267365.1499999955
3114.68,1265607.679999996
3212.65,1288445.9199999953
3308.0699999999997,1299802.3799999952
3307.5600000000004,1298612.4599999958
3150.68,1277372.489999995
3182.17,1283605.1599999946
3232.6299999999997,1289825.1199999955
3322.5699999999997,1301464.1899999944
3305.56,1297211.9299999948
2949.3100000000004,1273891.9799999972
3106.65,1299469.2699999951
2992.7299999999996,1282319.3399999968
3115.1000000000004,1302221.539999996
2987.2799999999997,1278857.979999996
3136.180000000001,1302829.7799999947
3228.08,1310409.479999995
3011.6499999999996,1288219.8899999969
2961.7,1276814.2399999965
3110.19,1300371.4899999942
3094.6199999999994,1298281.989999996
3010.6400000000003,1286016.0099999965
2998.2200000000003,1285943.0799999966
3102.710000000001,1298997.7499999946
3163.1,1306160.679999995
3237.57,1310932.3699999957
3171.1100000000006,1307342.2999999963
3144.6600000000003,1305745.0499999959
3059.67,1294409.5499999959
3107.1600000000003,1299974.3799999945
2956.7900000000004,1275589.6999999972
3200.5900000000006,1310194.989999996
3171.61,1309204.639999996
2989.7200000000003,1280234.0899999964
2874.3100000000004,1261533.249999997
2942.7599999999998,1273428.9099999957
3062.2000000000003,1298073.2499999946
2915.2700000000004,1264457.3399999966
3103.1900000000005,1299126.219999995
3253.54,1311147.2799999958
2975.72,1277655.819999997
2920.2799999999997,1270582.9099999985
3141.1,1304498.9799999956
3023.21,1294149.279999996
3189.1099999999997,1279630.1799999992
3155.6299999999997,1272629.5399999986
3176.65,1274879.0699999991
3313.51,1301257.0500000007
3214.6099999999997,1284147.2900000005
3145.18,1260993.069999999
3197.6400000000003,1283877.7599999988
3147.1699999999996,1270698.6899999985
3194.61,1283623.7299999984
3146.66,1265455.159999999
3126.1200000000003,1257627.3099999998
3325.0099999999998,1304506.6700000004
3179.63,1275838.5599999998
3215.56,1290369.4400000006
3278.55,1294738.4200000002
3360.0099999999998,1310713.3999999992
3275.99,1293699.4400000002
3317.0,1301852.2200000004
3125.1700000000005,1246553.2999999986
3287.97,1297965.5399999998
3297.53,1301220.56
3236.0500000000006,1293046.9300000004
3038.37,1228739.4800000028
3158.33,1256919.9100000006
3181.85,1261746.790000001
3082.3500000000004,1245560.2100000016
3196.8300000000004,1262196.5900000017
3168.85,1257806.2000000014
3197.81,1263245.6000000013
3158.29,1255758.6500000015
3173.8299999999995,1259448.1000000008
3219.7999999999997,1263554.560000002
3293.73,1269651.2300000023
3225.7899999999995,1266184.6900000009
3170.84,1258563.5500000017
3103.8199999999997,1248340.030000003
3258.75,1266775.8800000001
3170.3100000000004,1257867.7600000007
3122.3399999999997,1253858.0000000019
2794.11,1308468.2799999958
2801.03,1311951.0999999975
2820.04,1317521.649999998
2824.01,1318964.249999998
2896.01,1330747.2799999982
3024.9,1343810.0299999986
2807.5400000000004,1316480.659999998
2973.96,1336860.569999999
3012.4100000000003,1340861.0699999984
2955.9399999999996,1336366.3299999987
2995.94,1339932.4799999986
2981.9300000000003,1338684.919999995
2832.0400000000004,1321243.6499999978
2986.96,1339610.4299999948
2932.9900000000007,1334146.6099999987
2835.0700000000006,1325209.6799999976
2933.99,1334773.3799999952
2906.9900000000007,1333540.6999999953
2956.44,1336470.7899999986
2840.5400000000004,1327345.4299999978
3061.8300000000004,1347163.069999997
2975.4600000000005,1337863.5599999987
2871.02,1329261.9999999977
2767.5899999999992,1305977.639999997
2804.55,1315895.9999999981
3794.0299999999997,1122084.39
3696.1000000000004,1102591.93
3784.5300000000007,1119522.999999999
3592.54,1037545.3700000014
3708.6400000000003,1106084.0600000003
3804.0000000000005,1131348.9199999985
3713.6300000000006,1116542.3999999992
3599.5500000000006,1040214.8600000013
3872.8600000000006,1141765.629999999
3791.5400000000004,1120650.9899999995
3804.4900000000007,1135292.3399999985
3616.01,1041921.4500000012
3815.9100000000008,1137558.5999999985
3804.4799999999996,1131735.2399999988
3639.9700000000003,1073800.2600000014
3688.6000000000004,1101388.2599999995
3666.48,1076778.5100000016
3883.8500000000013,1145189.8099999984
3835.4800000000005,1139416.1699999988
3646.97,1073860.5700000012
3628.45,1069796.2600000019
3632.0599999999995,1071109.8600000024
3648.9800000000005,1074207.6300000022
3700.08,1105673.6
3796.51,1129524.7899999986
3737.6200000000003,1118299.2699999998
3611.5300000000007,1040378.3700000012
3728.1,1162681.6299999978
3696.1,1161871.2499999977
3647.2000000000007,1145446.4999999977
3759.0400000000004,1172398.839999997
3686.09,1158574.5499999982
3555.1900000000005,1100417.0999999999
3601.6099999999997,1124585.959999997
3628.63,1133260.209999997
3654.0900000000006,1157764.169999998
3749.55,1172394.519999997
3629.0999999999995,1140294.779999996
3589.98,1116036.3199999975
3559.0099999999998,1114294.529999998
3648.08,1107626.4300000013
3640.09,1105959.4700000011
3607.0999999999995,1105496.8700000008
3754.5000000000014,1128056.3799999997
3677.7000000000007,1109064.3900000013
3686.63,1112974.4300000004
3686.090000000001,1111659.0000000005
3680.0699999999997,1111096.1700000004
3569.4200000000005,1088015.62
3753.520000000001,1126696.0899999999
3626.0600000000004,1105882.7400000012
3571.9100000000003,1094001.3199999998
3690.05,1121559.8099999998
3718.0500000000006,1124728.42
3740.100000000001,1125692.1099999994
3589.89,1095840.3899999997
3687.6800000000003,1113361.6000000003
3808.5200000000013,1129437.7200000002
3769.0200000000004,1129173.3799999997
3583.89,1095537.0099999993
3643.4899999999993,1147924.9699999983
3663.51,1152522.9999999986
3676.9599999999996,1153181.0899999987
3658.03,1149389.929999999
3658.5200000000004,1151260.5899999987
3600.03,1145119.7599999986
3869.3900000000003,1160542.5699999954
3540.61,1133061.5499999996
3597.03,1142921.5699999987
3631.5,1145662.5099999984
3592.5400000000004,1133751.4800000004
3521.6000000000004,1132163.4
3773.4100000000003,1159325.7999999966
3741.9500000000003,1158929.4899999963
3874.4100000000003,1163150.639999996
3588.08,1124547.939999998
3554.08,1098323.7700000014
3609.5199999999995,1125384.5999999978
3610.05,1126460.959999998
3718.09,1147023.9099999983
3919.9,1159247.1999999988
3627.07,1137497.6999999983
3686.500000000001,1146356.4899999974
3514.1,1061993.5500000014
3748.0200000000004,1152533.109999998
3997.84,1161522.3199999984
3667.54,1143490.199999999
3526.59,1071563.6300000008
3556.0999999999995,1107519.92
3637.04,1140870.0399999986
3733.580000000001,1151705.6199999982
3605.9100000000003,1096531.9600000032
3612.4100000000003,1097721.0800000024
3710.49,1123527.7399999984
3612.4200000000005,1100586.5800000024
3628.8700000000003,1101891.3400000017
3779.390000000001,1150600.0999999987
3703.8700000000003,1123427.9999999988
3595.9,1091650.1500000032
3739.3300000000004,1126019.5399999982
3752.4100000000003,1146065.699999999
3535.44,1086045.2300000025
3632.8800000000006,1105240.2300000018
3605.8699999999994,1092188.9500000023
3785.3600000000006,1152078.95
3554.9199999999996,1091388.4500000025
3637.340000000001,1114217.1000000008
3752.41,1143880.7999999989
3750.4100000000003,1126612.0799999994
3527.97,1133137.3899999992
3684.53,1179601.1199999987
3721.01,1180860.1899999983
3712.0099999999998,1180682.869999998
3510.54,1092434.1100000015
3483.6,1087158.2100000007
3500.51,1091990.880000002
3620.9500000000003,1152653.1899999997
3604.940000000001,1152207.9899999998
3541.9900000000002,1135804.9099999992
3525.9499999999994,1132408.4099999992
3751.9799999999996,1184390.569999998
3679.51,1175624.1599999995
3583.4499999999994,1145628.4099999995
3835.940000000001,1189544.7499999986
3540.94,1134854.0199999993
3633.39,1153299.1099999985
3793.9700000000003,1188858.9299999978
3511.48,1119381.090000002
3605.9199999999996,1152274.1199999996
3542.9200000000005,1136990.9500000002
3571.48,1144403.7799999998
3790.93,1186701.1099999973
3678.5200000000004,1167385.2999999996
3722.0400000000004,1182578.659999998
3555.4300000000003,1139687.6499999987
3608.92,1152346.0099999995
3661.0200000000004,1164208.6999999997
3555.92,1143109.5200000005
3591.369999999999,1149081.2599999993
3590.43,1147731.879999999
3499.59,1090193.280000001
3598.9700000000003,1149310.94
3564.92,1143530.8300000005
3743.0100000000007,1183789.0499999984
3512.98,1127797.5699999991
3635.0200000000004,1164192.2399999998
3624.38,1173201.3000000017
3448.9899999999993,1101451.9899999995
3606.4100000000003,1172700.6500000018
3598.38,1172220.8100000012
3508.49,1116065.0199999993
3512.0900000000006,1140626.5699999973
3569.0,1151264.3999999994
3483.0099999999998,1113693.8199999984
3509.6000000000004,1124114.0199999982
3465.9999999999995,1102479.0499999993
3578.4500000000003,1170684.7100000011
3592.88,1171259.7300000011
3511.08,1135008.0899999973
3630.4800000000005,1181515.269999997
3538.11,1141922.1699999974
3700.3799999999997,1184919.459999996
3506.98,1115155.6199999999
3469.020000000001,1104641.849999999
3576.9900000000007,1153495.0099999995
3494.4900000000002,1114960.8199999996
3455.95,1101972.5099999995
3515.0699999999997,1141854.339999997
3404.65,1176797.7199999974
3387.1099999999997,1164499.0699999968
3414.640000000001,1177687.5099999974
3347.66,1134045.9099999967
3437.6,1182656.0299999956
3533.0899999999997,1234373.869999998
3438.6200000000003,1188806.519999998
3377.12,1164119.659999997
3485.6000000000004,1225627.7899999975
3491.0499999999997,1227218.2799999977
3426.62,1182551.5799999975
3351.72,1137240.9099999971
3343.1700000000005,1123523.0199999975
3552.1000000000004,1234984.689999998
3455.58,1198091.369999998
3344.17,1129232.099999996
3530.05,1232724.3299999975
3397.11,1175890.7499999963
3419.6400000000003,1177896.3699999978
3470.07,1202717.1299999973
3401.1,1175982.4599999965
3352.1399999999994,1159999.2299999972
3502.5800000000004,1231085.2099999983
3336.6400000000003,1123143.4699999972
3578.0100000000007,1242344.8799999978
3443.5899999999997,1195804.979999998
3562.0399999999995,1236827.479999998
3390.150000000001,1174698.1999999972
3471.07,1224994.6399999966
3582.46,1130398.5499999963
3597.04,1142148.8499999954
3609.0,1146881.239999995
3600.0300000000007,1145070.8299999959
3566.9800000000005,1119728.7099999967
3647.4500000000007,1161092.0799999966
3595.02,1131422.1799999957
3577.480000000001,1130186.5899999964
3605.0,1145597.089999996
3755.580000000001,1170250.4399999962
3742.5799999999995,1166358.0299999975
3632.4700000000003,1150314.8099999959
3773.060000000001,1174514.7799999954
3713.49,1161717.1799999964
3576.9700000000007,1122300.0999999982
3540.5000000000005,1117860.3299999982
3740.98,1162866.5099999956
3827.4400000000005,1176412.6399999952
3909.3399999999997,1176933.1999999946
3753.56,1170194.6299999973
3784.5300000000007,1174957.9299999955
3524.44,1103769.0000000002
3620.5000000000005,1148939.1499999953
3723.4500000000003,1161937.0399999963
3640.4500000000003,1154891.7399999963
3920.32,1176973.0299999944
3712.46,1161296.0599999966
3304.0999999999995,1201458.4699999995
3536.01,1263071.5800000008
3566.1400000000003,1269085.010000002
3428.55,1235822.999999998
3360.59,1225192.1899999985
3281.12,1199530.1399999997
3326.1500000000005,1216796.8999999997
3394.12,1233774.5899999999
3309.64,1209766.4699999995
3302.6000000000004,1201052.8899999992
3322.61,1215114.7899999996
3640.09,1275018.8500000013
3326.63,1218189.6400000004
3557.0200000000004,1266274.1400000006
3495.58,1257357.8800000015
3465.6199999999994,1243769.869999999
3429.5299999999997,1237496.0999999982
3471.6099999999997,1255726.9600000011
3337.6199999999994,1222416.6699999997
3454.6200000000003,1243749.5799999998
3691.07,1279267.0300000012
3307.6100000000006,1207623.3099999996
3421.56,1235665.049999998
3646.0700000000006,1278701.5400000012
3631.09,1273469.2800000012
3512.54,1261123.8600000003
3500.5699999999997,1260719.1900000002
3440.5400000000004,1239163.6999999976
3482.5899999999997,1257026.1700000013
3514.5599999999995,1261513.8900000001
3431.6699999999996,1238937.68
3476.59,1256836.2000000014
3403.1200000000003,1235150.9299999976
3307.1100000000006,1202041.3399999994
3602.0899999999997,1272767.700000002
3449.5200000000004,1240108.2399999977
3376.6200000000003,1232675.18
3459.98,1096153.810000001
3497.47,1115566.969999998
3420.9800000000005,1076864.4000000006
3653.45,1171154.229999999
3496.4200000000005,1113015.0099999977
3526.3800000000006,1122540.4399999992
3704.94,1189682.7099999972
3700.4400000000005,1185774.069999995
3725.93,1190652.889999997
3435.95,1080012.72
3864.8,1207693.7999999977
3622.95,1149605.6499999983
3903.7599999999998,1209279.6199999976
3663.4300000000003,1176945.2899999993
3514.46,1122316.1699999976
3446.9300000000003,1084345.7
3531.9100000000003,1131036.269999998
3640.5600000000004,1167642.189999999
3686.4299999999994,1184851.9999999963
3602.84,1147777.4899999993
3629.4500000000007,1166718.8999999987
3886.7999999999997,1209051.6699999976
3954.6800000000003,1215336.7299999974
3728.3599999999997,1195674.1499999985
3939.2000000000007,1212395.6199999978
3552.9100000000003,1133752.3399999968
3500.9699999999993,1118962.639999998
3972.17,1223797.8199999975
3623.37,1149800.3399999992
3716.9499999999994,1189825.1699999955
3954.17,1214485.6099999978
3659.4100000000003,1175666.9599999995
3862.7900000000004,1196842.6999999967
3577.9399999999996,1146380.6199999976
3700.9100000000008,1186916.2199999953
3622.8100000000004,1149108.2499999995
3934.210000000001,1211064.8599999975
3462.98,1099304.6700000009
3467.45,1112500.0899999982
3559.8800000000006,1145456.8499999992
3721.96,1189918.5999999973
3530.9000000000005,1129647.839999998
3589.8700000000003,1147598.069999999
3599.0000000000005,1138235.7199999988
3593.4999999999995,1137931.6399999985
3571.51,1131180.5599999984
3570.5,1130022.4999999986
3581.9900000000002,1133329.7199999995
3583.0,1134577.1899999983
3807.4700000000003,1183697.759999998
3604.5099999999998,1139475.2699999986
3661.43,1151523.5099999974
3608.49,1146857.7899999984
3556.54,1126680.1699999985
3547.4799999999996,1109156.48
3513.59,1095710.7200000004
3738.9,1160520.2699999977
3800.0499999999997,1167227.9899999986
3752.0000000000005,1166860.2299999981
3563.9900000000002,1128775.7399999993
3672.92,1159805.499999999
2790.03,1235215.599999997
2755.09,1234238.8499999964
2822.03,1250700.7399999986
2736.1000000000004,1218173.9299999964
2854.0000000000005,1255912.9399999962
2983.000000000001,1277897.3899999976
2834.0100000000007,1251027.8599999982
2793.03,1236155.6299999973
2802.57,1241054.159999997
2801.54,1237059.7199999972
3029.9600000000005,1282459.2999999975
2915.9100000000003,1270560.9099999992
2840.5300000000007,1254991.9399999978
2839.9900000000007,1251055.829999999
2891.4600000000005,1261075.039999997
2778.5400000000004,1234978.8399999964
3001.5100000000007,1280148.239999998
2814.5500000000006,1244972.9099999971
3077.88,1287167.489999997
2860.5099999999998,1256572.6999999974
2963.9800000000005,1272665.889999998
2854.03,1255941.839999997
3152.3700000000003,1299190.3699999952
2912.89,1269283.0999999992
2808.05,1241258.0499999966
3019.91,1282009.729999998
2995.9700000000003,1279664.6599999978
3006.4300000000003,1281741.2199999979
2868.9900000000007,1259439.759999996
3077.41,1286519.4299999976
3039.3900000000003,1286239.109999998
3091.37,1292691.3199999966
3111.9,1298878.0499999956
3467.55,1218300.7400000005
3481.03,1222208.6000000006
3373.6000000000004,1149890.4799999984
3414.0799999999995,1189875.8999999976
3369.62,1145382.19
3494.5299999999997,1224846.2000000002
3378.6000000000004,1166940.819999998
3490.0199999999995,1222881.4300000002
3551.58,1227618.9300000002
3368.62,1143779.2099999995
3391.61,1187048.4199999974
3373.63,1156117.1999999988
3387.5800000000004,1169612.0299999984
3445.03,1217449.0700000003
3567.6100000000006,1232529.3899999994
3633.57,1252241.6100000003
3552.09,1231415.9800000004
3419.0699999999997,1192180.9299999978
3571.5999999999995,1249974.8200000003
3620.61,1251638.5300000003
3569.59,1248210.6000000006
2866.2200000000003,972424.630000002
2791.5800000000004,938772.0399999992
2973.2,982083.99
2800.2200000000003,952958.6799999987
2863.7300000000005,961532.0400000012
2866.08,989573.9500000016
2786.78,943861.290000002
2813.7000000000003,967569.7500000003
2789.26,927521.8099999987
2842.19,976133.1399999997
2793.6700000000005,924553.8599999996
2904.2600000000007,966547.5299999998
2896.62,965191.5200000007
2851.46,944017.05
2986.0200000000004,982040.6500000014
2793.1300000000006,983215.8299999983
2690.36,956458.0499999985
2942.6500000000005,1028056.3599999996
3116.1600000000008,1050494.7500000005
2970.7,1031837.6900000008
2865.56,975682.359999999
2792.0099999999998,955981.8300000012
2831.6800000000007,970735.3299999995
2811.93,966607.7500000007
2775.709999999999,929506.9099999998
2762.64,910485.8799999993
2725.9399999999996,894352.3500000002
2737.9999999999995,897024.2100000003
2643.93,878548.9100000006
2634.8999999999996,861988.2000000003
2724.9599999999996,892797.0900000008
2670.0099999999998,884259.7
2613.8099999999995,858902.1
2681.8999999999996,889295.0499999998
3135.200000000001,1023235.800000001
2981.7700000000004,993326.4400000018
2985.7400000000002,1013107.059999999
3061.6700000000005,1021643.7499999999
3059.7500000000005,1021318.6600000005
2915.350000000001,985649.1600000003
2797.4300000000003,933896.8400000005
2878.48,968931.1700000006
2817.75,960167.4900000002
2942.51,985837.1400000016
2735.75,909244.5999999994
2768.7200000000003,917445.6100000001
2759.7400000000002,910811.3299999993
2717.0699999999993,893866.51
2614.7599999999993,857149.1799999995
2711.8099999999995,890208.3499999997
2654.33,869502.8199999994
2658.8899999999994,871068.2199999985
2634.3199999999997,861678.0999999988
2640.2499999999995,866299.3399999993
2691.3599999999997,884404.6899999994
2688.82,875514.4299999994
2711.8299999999995,890379.939999999
2692.33,888327.1099999992
2998.7000000000007,1005807.4700000008
3120.2500000000005,1040857.3200000009
3082.600000000001,1037972.1099999998
2969.7300000000005,1002683.6400000013
2953.3500000000004,987797.5000000002
3038.8100000000004,1008384.6500000013
2948.0,971287.1899999994
2825.130000000001,949669.0399999982
2891.9900000000002,950725.5800000003
2729.12,902413.2700000021
2773.13,904657.1000000008
2620.4199999999996,854425.1400000004
2667.7799999999993,863420.1500000012
2618.35,834890.690000001
2693.3299999999995,864758.3300000019
2713.8599999999988,876426.2500000008
3060.7300000000005,1045180.7000000005
2977.32,1007156.7300000009
2893.46,986219.950000001
2840.6500000000005,963913.64
2887.07,965092.630000003
2838.1300000000006,958659.2100000017
2756.7200000000003,923829.2600000007
2751.66,917844.3199999998
2655.8799999999997,863391.6499999997
2652.1999999999994,819302.6200000007
2676.7599999999998,875713.5399999996
2993.2700000000004,1046284.5500000006
3147.1700000000005,1051306.6800000025
2785.96,954131.6500000014
2940.9300000000003,972778.2200000001
2862.49,968103.490000002
2751.1899999999996,904819.2799999992
2705.479999999999,885700.3900000011
2673.8999999999996,864106.3500000007
2727.3899999999994,892503.7600000002
2687.77,866767.7100000003
2656.6599999999994,857502.8000000003
2778.499999999999,815996.7900000011
2820.4899999999993,845898.7500000001
2769.52,799665.1500000008
2938.2999999999993,831866.7300000008
2809.2299999999996,790490.8300000003
2827.849999999999,809062.460000002
2860.9099999999994,831860.1100000008
2854.899999999999,828352.6200000007
2717.129999999999,822141.740000002
2847.1499999999996,827493.930000001
2961.4499999999994,838539.5900000017
2828.0199999999995,828433.1300000012
2808.3999999999996,800729.0700000016
2944.439999999999,851531.0300000021
2802.5199999999995,819650.2500000002
2871.0399999999995,821212.7000000008
2931.8499999999995,834197.8400000017
2808.3500000000004,956444.3300000002
2811.2000000000003,966659.9799999994
2900.53,975553.8000000011
2782.6499999999996,811373.2099999998
2805.2599999999998,844755.8500000032
2930.080000000001,991240.510000001
2800.24,986418.7500000001
2771.7200000000003,937578.2899999998
2764.2399999999993,852768.3000000009
2962.63,981882.450000001
2897.730000000001,947050.1300000018
2833.78,897212.2599999997
2915.0700000000006,963402.9300000018
2846.6100000000006,943367.7499999994
2839.2100000000005,934628.4600000008
2776.789999999999,892585.9000000008
2948.6800000000007,993853.4499999991
2794.7200000000003,954450.6600000004
2794.2300000000005,922967.1200000007
2864.1300000000006,982097.830000001
2765.2400000000002,930576.3500000017
2764.77,926600.180000002
2812.6099999999997,966949.2500000012
2907.63,971289.629999999
2969.59,998678.6799999998
2946.3700000000003,997429.5699999998
2854.540000000001,997223.1599999989
2751.3999999999996,876396.4499999996
2755.36,934965.4400000004
2997.93,1027571.9000000015
2979.5000000000005,1003620.6999999994
2878.860000000001,981076.2300000001
2923.52,992702.7900000024
2837.9600000000005,963976.8499999987
2817.0600000000004,917659.0700000011
2835.87,928054.77
2794.29,898423.3100000016
2861.84,1003113.3799999985
2825.96,925458.7899999989
2917.5800000000004,1013383.7800000008
2790.34,896237.9699999996
2877.5400000000004,990335.0500000019
2932.4900000000007,1012834.1400000021
2928.8300000000004,998480.1200000012
2765.2599999999998,886335.8000000009
2855.1399999999994,933900.0499999989
2792.3799999999997,925597.2499999988
2881.580000000001,986765.5500000006
2974.8800000000006,1000248.9400000016
3089.8900000000003,1008252.9100000003
2873.35,960821.1599999985
2919.92,993301.2400000015
2846.6899999999996,956560.9500000005
2808.24,906506.7000000002
3009.100000000001,1050577.1500000004
2947.0400000000004,1049202.7400000016
3206.0,1101819.2699999998
3160.56,1097409.4600000007
3025.1500000000005,1057194.5899999999
3041.0000000000005,1093294.8699999999
3387.8500000000004,1112137.0899999961
3064.56,1068782.6899999985
2938.0100000000007,1018208.389999999
3082.56,1074703.499999998
3091.4200000000005,1092538.290000001
3036.5,1063707.8200000003
3135.02,1100804.2800000003
3159.4,1110211.6799999997
2960.78,1055765.1200000031
3058.020000000001,1064023.1499999994
3090.4900000000007,1083942.14
3151.9100000000008,1100410.889999999
3105.4900000000002,1088083.9200000004
3044.0400000000004,1074388.0599999994
3040.46,1066648.3400000024
3173.4200000000005,1111340.0099999977
3063.0700000000006,1075385.160000002
3108.0400000000004,1091920.2899999982
3000.54,1051689.710000001
2970.65,1038219.700000001
2974.120000000001,1029043.4600000024
3368.800000000001,1099024.7399999967
3143.83,1089819.0799999991
3166.42,1096679.1199999994
2985.59,1050616.199999998
2969.56,1015241.95
2927.55,989655.4000000001
3027.1000000000004,1071580.2700000019
2977.5600000000004,1039378.1900000006
3001.58,1051982.0600000017
3045.4600000000005,1072558.66
3026.6000000000004,1065532.2200000002
3120.6000000000004,1085986.9600000016
3080.7600000000007,1082780.7500000014
2985.100000000001,1047891.8799999988
3286.380000000001,1095986.7199999995
3204.8800000000006,1085642.520000001
3273.2400000000007,1086868.0799999994
2986.74,1074724.769999999
2950.1300000000006,1029232.0599999988
2972.03,1035306.7800000024
3142.8300000000004,1077826.62
3145.5200000000004,1084066.9500000011
